Date of Sale (dd/mm/yyyy),Count of sale on that date,Average value of sales on that date
2011-01-02,1,230000.0
2011-01-03,3,315333.3333333333
2011-01-04,1,275000.0
2011-01-07,2,297750.0
2011-01-11,1,108000.0
2011-01-12,2,142000.0
2011-01-17,3,341666.6666666667
2011-01-18,1,300000.0
2011-01-19,4,186580.3975
2011-01-20,1,260000.0
2011-01-21,2,398500.0
2011-01-24,1,110000.0
2011-01-25,1,210000.0
2011-01-26,1,180000.0
2011-01-27,3,316075.0
2011-01-28,2,550000.0
2011-01-31,1,140000.0
2011-02-03,2,312500.0
2011-02-06,1,150000.0
2011-02-08,1,420000.0
2011-02-09,2,455000.0
2011-02-12,4,213750.0
2011-02-15,1,190000.0
2011-02-18,2,371250.0
2011-02-21,2,337000.0
2011-02-22,3,167666.66666666666
2011-02-23,1,270000.0
2011-02-24,2,233250.0
2011-02-25,2,330000.0
2011-02-28,2,225801.0
2011-03-03,1,458000.0
2011-03-05,1,142000.0
2011-03-08,3,243333.33333333334
2011-03-10,1,270000.0
2011-03-14,3,156333.33333333334
2011-03-15,2,259050.0
2011-03-16,3,291649.7766666667
2011-03-18,1,480000.0
2011-03-21,1,175000.0
2011-03-23,1,200000.0
2011-03-24,1,109600.0
2011-03-25,1,445000.0
2011-03-28,2,188000.0
2011-03-29,1,245000.0
2011-03-30,2,403500.0
2011-03-31,2,212500.0
2011-04-01,1,290500.0
2011-04-02,2,180000.0
2011-04-03,1,193000.0
2011-04-04,1,340000.0
2011-04-05,2,167500.0
2011-04-08,1,237500.0
2011-04-11,4,432500.0
2011-04-14,1,195000.0
2011-04-18,1,165000.0
2011-04-20,3,310308.3333333333
2011-04-21,4,150629.95500000002
2011-04-27,1,165000.0
2011-04-28,2,330000.0
2011-05-01,3,228333.33333333334
2011-05-04,3,225666.66666666666
2011-05-07,1,145000.0
2011-05-08,2,442500.0
2011-05-09,1,270000.0
2011-05-10,4,213625.0
2011-05-13,1,220000.0
2011-05-16,1,440000.0
2011-05-17,1,330000.0
2011-05-20,3,158333.33333333334
2011-05-23,2,463750.0
2011-05-24,2,470000.0
2011-05-25,2,115500.0
2011-05-26,1,338000.0
2011-05-31,3,204449.33333333334
2011-06-01,1,180000.0
2011-06-05,1,400000.0
2011-06-07,1,357000.0
2011-06-09,1,250000.0
2011-06-10,2,400000.0
2011-06-12,2,170000.0
2011-06-16,1,170000.0
2011-06-17,3,206333.33333333334
2011-06-23,1,277500.0
2011-06-24,1,583000.0
2011-06-27,1,319500.0
2011-06-28,1,770000.0
2011-06-29,2,200000.0
2011-06-30,1,361233.48
2011-07-01,4,275500.0
2011-07-02,1,157500.0
2011-07-04,3,293333.3333333333
2011-07-07,1,600000.0
2011-07-10,1,156950.0
2011-07-12,2,475000.0
2011-07-13,1,200000.0
2011-07-14,3,230000.0
2011-07-15,3,318166.6666666667
2011-07-18,3,356583.3333333333
2011-07-19,2,410500.0
2011-07-20,3,202166.66666666666
2011-07-21,1,200000.0
2011-07-22,3,230000.0
2011-07-25,2,344000.0
2011-07-26,2,200440.5
2011-07-29,4,253480.0
2011-08-02,1,128546.25
2011-08-03,4,163843.75
2011-08-06,1,630000.0
2011-08-07,2,223000.0
2011-08-08,1,307250.0
2011-08-09,2,221500.0
2011-08-11,2,148500.0
2011-08-15,1,411500.0
2011-08-16,1,740000.0
2011-08-17,2,290000.0
2011-08-18,2,237500.0
2011-08-19,5,377400.0
2011-08-22,1,110000.0
2011-08-24,1,230000.0
2011-08-25,1,270000.0
2011-08-29,3,407500.0
2011-08-30,1,204000.0
2011-08-31,1,198000.0
2011-09-02,2,257092.51
2011-09-05,1,336000.0
2011-09-06,1,407500.0
2011-09-08,1,220000.0
2011-09-09,4,318625.0
2011-09-11,4,252000.0
2011-09-12,4,238250.0
2011-09-13,1,307000.0
2011-09-14,4,181456.25
2011-09-15,2,188000.0
2011-09-16,5,316520.0
2011-09-19,2,287750.0
2011-09-20,1,102202.62
2011-09-21,1,344400.0
2011-09-22,2,262500.0
2011-09-23,2,232500.0
2011-09-26,2,260843.09
2011-09-27,1,230000.0
2011-09-29,1,230000.0
2011-09-30,2,132500.0
2011-10-02,3,256650.0
2011-10-03,1,320000.0
2011-10-05,4,252125.0
2011-10-10,1,160000.0
2011-10-11,3,150833.33333333334
2011-10-13,1,238000.0
2011-10-14,5,265000.0
2011-10-18,1,240000.0
2011-10-19,1,282000.0
2011-10-20,1,165000.0
2011-10-21,4,329750.0
2011-10-25,2,292500.0
2011-10-26,1,460000.0
2011-10-27,3,157666.66666666666
2011-10-28,3,165521.33333333334
2011-11-01,2,191000.0
2011-11-02,4,162904.735
2011-11-03,2,315000.0
2011-11-04,1,350000.0
2011-11-08,1,405286.34
2011-11-11,1,257000.0
2011-11-15,5,437055.046
2011-11-17,3,354666.6666666667
2011-11-18,2,143000.0
2011-11-21,1,235000.0
2011-11-22,1,198000.0
2011-11-23,2,112500.0
2011-11-24,1,160000.0
2011-11-25,4,304278.6325
2011-11-28,2,342500.0
2011-11-29,3,376666.6666666667
2011-11-30,2,271000.0
2011-12-07,2,186250.0
2011-12-08,3,643675.6666666666
2011-12-09,2,390000.0
2011-12-13,4,252500.0
2011-12-15,2,301000.0
2011-12-16,5,191800.0
2011-12-19,1,403000.0
2011-12-20,3,216666.66666666666
2011-12-21,6,204583.33333333334
2011-12-22,2,270000.0
2011-12-30,1,390000.0
2012-01-02,1,271500.0
2012-01-06,3,175000.0
2012-01-08,2,241500.0
2012-01-10,1,260000.0
2012-01-11,3,274500.0
2012-01-16,2,372500.0
2012-01-19,1,269000.0
2012-01-23,1,110000.0
2012-01-24,1,430000.0
2012-01-25,2,127975.0
2012-01-26,1,165000.0
2012-01-27,2,487500.0
2012-02-02,1,110000.0
2012-02-03,5,272684.57999999996
2012-02-04,2,530562.5
2012-02-05,1,475000.0
2012-02-08,4,345000.0
2012-02-10,2,165500.0
2012-02-11,4,420875.0
2012-02-13,3,238666.66666666666
2012-02-14,2,219000.0
2012-02-17,2,307500.0
2012-02-20,1,315000.0
2012-02-21,3,263000.0
2012-02-22,1,405000.0
2012-02-24,2,210000.0
2012-02-28,1,200000.0
2012-03-01,1,160000.0
2012-03-02,3,231833.33333333334
2012-03-07,2,164500.0
2012-03-08,1,148500.0
2012-03-09,2,187000.0
2012-03-10,2,277000.0
2012-03-12,1,750000.0
2012-03-15,2,355000.0
2012-03-16,2,240500.0
2012-03-21,2,222500.0
2012-03-30,5,281200.0
2012-04-04,2,242500.0
2012-04-05,3,199166.66666666666
2012-04-07,1,210000.0
2012-04-10,1,252000.0
2012-04-12,3,133666.66666666666
2012-04-13,2,147500.0
2012-04-17,2,125000.0
2012-04-19,1,140000.0
2012-04-20,1,176167.4
2012-04-23,1,140000.0
2012-04-24,1,180000.0
2012-04-25,2,185000.0
2012-04-26,2,182250.0
2012-04-27,4,197500.0
2012-04-30,2,232650.0
2012-05-01,1,170655.0
2012-05-03,1,200000.0
2012-05-04,2,175000.0
2012-05-06,1,137500.0
2012-05-07,1,196000.0
2012-05-09,1,136000.0
2012-05-11,1,300000.0
2012-05-12,1,185000.0
2012-05-14,1,368802.0
2012-05-15,2,140000.0
2012-05-16,1,185000.0
2012-05-17,3,190000.0
2012-05-18,1,105000.0
2012-05-21,2,300625.0
2012-05-22,1,170000.0
2012-05-23,2,157350.0
2012-05-25,4,349250.0
2012-05-28,3,275000.0
2012-05-29,1,303964.75
2012-05-31,1,176000.0
2012-06-01,2,330000.0
2012-06-02,2,282500.0
2012-06-07,2,349500.0
2012-06-11,1,528000.0
2012-06-12,6,408666.6666666667
2012-06-14,2,290750.0
2012-06-15,1,310000.0
2012-06-16,1,215000.0
2012-06-18,4,348125.0
2012-06-19,4,190500.0
2012-06-20,3,175416.66666666666
2012-06-21,1,175000.0
2012-06-22,1,192500.0
2012-06-25,1,412500.0
2012-06-26,2,199975.0
2012-06-29,3,209498.53
2012-07-03,1,140000.0
2012-07-07,1,690000.0
2012-07-08,2,268750.0
2012-07-09,1,308370.04
2012-07-11,1,160000.0
2012-07-13,4,246698.2375
2012-07-25,1,335000.0
2012-07-26,1,117000.0
2012-07-27,2,314174.0
2012-07-30,2,209500.0
2012-07-31,3,238333.33333333334
2012-08-02,1,170000.0
2012-08-06,3,274333.3333333333
2012-08-10,1,103333.0
2012-08-11,3,284136.6666666667
2012-08-13,1,140925.11
2012-08-15,1,275000.0
2012-08-16,2,143500.0
2012-08-17,1,275000.0
2012-08-20,1,222500.0
2012-08-21,1,189427.0
2012-08-22,3,311683.3333333333
2012-08-23,1,100000.0
2012-08-24,3,410333.3333333333
2012-08-27,2,345000.0
2012-08-29,2,397000.0
2012-08-30,1,117000.0
2012-08-31,1,281938.0
2012-09-02,3,176333.33333333334
2012-09-03,3,138658.33333333334
2012-09-08,3,340833.3333333333
2012-09-10,2,153000.0
2012-09-11,2,165000.0
2012-09-14,4,199000.0
2012-09-17,2,187500.0
2012-09-19,1,203000.0
2012-09-20,2,238750.0
2012-09-21,4,343808.25
2012-09-24,1,385000.0
2012-09-25,3,197666.66666666666
2012-09-26,1,180000.0
2012-09-27,1,161000.0
2012-09-28,3,218333.33333333334
2012-09-29,1,205000.0
2012-10-01,1,177500.0
2012-10-02,1,205000.0
2012-10-04,1,391000.0
2012-10-07,1,217000.0
2012-10-08,1,190000.0
2012-10-10,5,170100.0
2012-10-12,2,284500.0
2012-10-15,1,170000.0
2012-10-17,3,230500.0
2012-10-19,4,247250.0
2012-10-21,2,181750.0
2012-10-22,3,381833.3333333333
2012-10-23,5,226200.0
2012-10-25,4,285887.0
2012-10-26,3,161500.0
2012-10-29,1,105000.0
2012-10-30,2,672500.0
2012-10-31,3,382666.6666666667
2012-11-04,1,167000.0
2012-11-07,1,300000.0
2012-11-09,1,107000.0
2012-11-10,1,173569.0
2012-11-13,1,108000.0
2012-11-14,3,223083.33333333334
2012-11-16,1,245000.0
2012-11-18,1,155000.0
2012-11-21,4,341750.0
2012-11-22,1,300000.0
2012-11-23,3,306500.0
2012-11-26,1,100000.0
2012-11-27,3,130000.0
2012-11-28,4,266250.0
2012-11-29,1,100000.0
2012-11-30,4,284000.0
2012-12-01,1,427313.0
2012-12-03,2,321250.0
2012-12-04,1,390000.0
2012-12-07,2,372500.0
2012-12-10,3,375000.0
2012-12-11,1,120000.0
2012-12-12,5,231000.0
2012-12-13,2,237500.0
2012-12-14,2,360000.0
2012-12-17,4,241750.0
2012-12-18,2,210250.0
2012-12-19,4,182375.0
2012-12-20,12,229233.25
2012-12-21,10,303741.1
2012-12-28,2,197500.0
2012-12-31,1,620000.0
2013-01-02,1,195000.0
2013-01-05,2,200000.0
2013-01-07,4,188586.0
2013-01-08,7,484071.4285714286
2013-01-10,4,200125.0
2013-01-11,8,224776.43125
2013-01-15,2,170000.0
2013-01-16,1,360000.0
2013-01-18,2,597500.0
2013-01-22,1,260000.0
2013-01-25,3,343333.3333333333
2013-01-29,1,422907.48
2013-01-30,1,317000.0
2013-02-05,1,305000.0
2013-02-07,7,218000.0
2013-02-08,10,325093.0
2013-02-09,4,347000.0
2013-02-10,3,402666.6666666667
2013-02-15,3,231500.0
2013-02-18,3,206250.0
2013-02-22,2,205000.0
2013-02-25,2,213000.0
2013-02-26,1,240000.0
2013-03-01,1,420000.0
2013-03-05,3,306666.6666666667
2013-03-07,2,290250.0
2013-03-09,7,230992.85714285713
2013-03-10,5,260520.0
2013-03-12,1,214500.0
2013-03-13,2,207767.0
2013-03-15,3,322200.0
2013-03-19,3,340333.3333333333
2013-03-20,1,799000.0
2013-03-22,1,535555.0
2013-03-25,2,291500.0
2013-03-26,3,171833.33333333334
2013-03-27,2,185000.0
2013-03-28,4,227437.5
2013-04-01,1,278000.0
2013-04-04,2,211000.0
2013-04-07,6,362333.3333333333
2013-04-09,6,273833.3333333333
2013-04-10,10,281032.4
2013-04-11,2,295000.0
2013-04-12,1,395000.0
2013-04-15,1,460000.0
2013-04-19,3,244166.66666666666
2013-04-23,1,245000.0
2013-04-25,1,320000.0
2013-04-26,8,267011.25
2013-04-29,3,247666.66666666666
2013-04-30,4,255750.0
2013-05-03,3,369613.3333333333
2013-05-04,3,308333.3333333333
2013-05-06,1,150000.0
2013-05-07,6,270500.0
2013-05-09,2,187475.0
2013-05-13,1,170000.0
2013-05-14,2,313750.0
2013-05-15,2,243125.0
2013-05-16,4,370750.0
2013-05-17,10,292800.0
2013-05-20,5,278200.0
2013-05-21,3,192000.0
2013-05-22,5,206900.0
2013-05-23,3,384000.0
2013-05-24,2,169500.0
2013-05-27,2,174000.0
2013-05-28,2,173760.0
2013-05-29,1,922000.0
2013-05-30,2,129500.0
2013-05-31,8,177750.0
2013-06-06,5,156600.0
2013-06-08,3,192333.33333333334
2013-06-09,24,179059.70833333334
2013-06-11,3,283666.6666666667
2013-06-13,1,307500.0
2013-06-14,10,339600.0
2013-06-17,1,287500.0
2013-06-18,6,221416.66666666666
2013-06-19,7,384178.5714285714
2013-06-20,4,299500.0
2013-06-21,6,313083.3333333333
2013-06-24,4,294045.25
2013-06-25,5,278800.0
2013-06-26,7,247242.85714285713
2013-06-27,5,219200.0
2013-06-28,6,321166.6666666667
2013-07-02,1,362500.0
2013-07-03,1,172000.0
2013-07-05,2,219975.0
2013-07-06,6,192000.0
2013-07-08,6,344750.0
2013-07-10,2,380000.0
2013-07-11,9,280222.22222222225
2013-07-15,6,335833.3333333333
2013-07-16,2,220000.0
2013-07-17,2,282500.0
2013-07-18,4,238250.0
2013-07-19,11,292737.54545454547
2013-07-22,3,470000.0
2013-07-23,3,260333.33333333334
2013-07-24,1,312000.0
2013-07-25,3,309166.6666666667
2013-07-26,8,437793.125
2013-07-29,3,188333.33333333334
2013-07-30,4,258250.0
2013-07-31,8,257975.0
2013-08-02,3,225000.0
2013-08-03,2,235000.0
2013-08-04,3,340000.0
2013-08-05,2,167500.0
2013-08-07,2,392500.0
2013-08-08,5,296600.0
2013-08-10,4,196500.0
2013-08-11,5,358200.0
2013-08-13,2,432500.0
2013-08-14,3,260666.66666666666
2013-08-15,3,479333.3333333333
2013-08-16,7,227290.75
2013-08-19,4,292250.0
2013-08-20,1,265000.0
2013-08-21,5,265000.0
2013-08-22,10,363630.0
2013-08-23,4,216500.0
2013-08-26,3,385033.3333333333
2013-08-27,1,125000.0
2013-08-28,6,262750.0
2013-08-29,5,282700.0
2013-08-30,8,255312.5
2013-09-01,1,504500.0
2013-09-03,1,219000.0
2013-09-05,1,117000.0
2013-09-07,1,288000.0
2013-09-08,9,280180.22222222225
2013-09-09,3,304457.0
2013-09-10,4,300137.75
2013-09-13,2,145000.0
2013-09-16,4,236625.0
2013-09-17,3,201166.66666666666
2013-09-18,7,317571.4285714286
2013-09-19,4,239250.0
2013-09-20,8,248493.75
2013-09-23,3,358333.3333333333
2013-09-24,4,236000.0
2013-09-25,3,235333.33333333334
2013-09-27,7,306428.5714285714
2013-09-30,5,234000.0
2013-10-01,3,539666.6666666666
2013-10-05,4,319750.0
2013-10-06,12,250147.94416666668
2013-10-07,3,142666.66666666666
2013-10-09,2,322441.25
2013-10-10,7,347928.5714285714
2013-10-14,4,209000.0
2013-10-15,2,174250.0
2013-10-16,3,308333.3333333333
2013-10-17,2,143000.0
2013-10-18,8,195608.5
2013-10-21,5,271400.0
2013-10-22,3,283166.6666666667
2013-10-23,4,295810.1875
2013-10-24,5,225500.0
2013-10-25,5,239800.0
2013-10-28,1,100000.0
2013-10-29,1,260000.0
2013-10-30,3,330000.0
2013-10-31,8,436062.5
2013-11-01,3,220646.0
2013-11-02,3,408833.3333333333
2013-11-03,2,282000.0
2013-11-04,2,293750.0
2013-11-06,4,334625.0
2013-11-07,2,394727.0
2013-11-09,5,261950.0
2013-11-10,9,228821.44444444444
2013-11-11,3,514000.0
2013-11-12,1,407929.5
2013-11-13,1,252000.0
2013-11-14,4,199500.0
2013-11-15,6,374991.6666666667
2013-11-18,3,436280.3333333333
2013-11-19,2,425000.0
2013-11-20,13,235209.85384615386
2013-11-21,2,346000.0
2013-11-22,3,296666.6666666667
2013-11-25,1,409691.62
2013-11-26,4,335000.0
2013-11-27,2,185000.0
2013-11-28,4,312500.0
2013-11-29,5,270024.08200000005
2013-12-04,2,220750.0
2013-12-06,4,387375.0
2013-12-07,8,272125.0
2013-12-08,4,249250.0
2013-12-09,5,297303.146
2013-12-11,5,197000.0
2013-12-12,1,415000.0
2013-12-13,2,308751.0
2013-12-16,6,370500.0
2013-12-17,2,232500.0
2013-12-18,6,193666.66666666666
2013-12-19,3,179149.95666666667
2013-12-20,1,600000.0
2013-12-23,1,885000.0
2014-01-04,3,269096.9166666667
2014-01-05,6,223000.0
2014-01-08,8,277562.5
2014-01-09,8,283000.0
2014-01-10,6,264000.0
2014-01-11,1,490000.0
2014-01-12,5,298200.0
2014-01-13,1,160000.0
2014-01-14,2,356000.0
2014-01-23,1,520000.0
2014-01-24,1,200000.0
2014-02-04,1,380000.0
2014-02-05,10,320277.5
2014-02-07,7,271357.14285714284
2014-02-09,7,271714.28571428574
2014-02-10,6,285042.1666666667
2014-02-12,9,304847.22222222225
2014-02-13,1,420000.0
2014-02-14,1,757709.0
2014-02-17,1,205000.0
2014-02-18,1,143000.0
2014-02-19,1,495000.0
2014-02-21,3,269507.8333333333
2014-02-23,1,370000.0
2014-02-28,1,170000.0
2014-03-02,4,259798.20500000002
2014-03-03,1,135000.0
2014-03-04,10,250300.0
2014-03-06,4,331250.0
2014-03-07,3,242388.8866666667
2014-03-09,1,650000.0
2014-03-10,24,194781.29166666666
2014-03-11,3,237945.0
2014-03-12,9,347166.6666666667
2014-03-13,3,308333.3333333333
2014-03-14,4,312500.0
2014-03-19,4,428000.0
2014-03-20,2,136500.0
2014-03-21,1,335000.0
2014-03-24,3,365000.0
2014-03-25,1,105000.0
2014-03-28,2,265000.0
2014-03-31,5,426400.0
2014-04-03,1,120000.0
2014-04-04,7,237860.0
2014-04-06,4,314250.0
2014-04-07,14,356418.5714285714
2014-04-09,10,293812.3
2014-04-11,4,231000.0
2014-04-12,9,217771.33333333334
2014-04-14,7,326142.85714285716
2014-04-15,3,272500.0
2014-04-16,8,307125.0
2014-04-17,12,291357.15750000003
2014-04-18,1,255000.0
2014-04-23,6,182500.0
2014-04-24,5,233200.0
2014-04-25,1,500000.0
2014-04-28,3,181666.66666666666
2014-04-29,7,311462.5714285714
2014-04-30,6,259583.33333333334
2014-05-02,1,133000.0
2014-05-06,6,321500.0
2014-05-08,2,255000.0
2014-05-09,8,387375.0
2014-05-11,8,225256.60749999998
2014-05-12,14,270505.34928571427
2014-05-13,2,206000.0
2014-05-14,3,181666.66666666666
2014-05-15,7,302714.28571428574
2014-05-16,9,223111.11111111112
2014-05-19,7,374000.0
2014-05-20,1,360000.0
2014-05-21,2,220000.0
2014-05-22,5,212800.0
2014-05-23,8,376875.0
2014-05-24,1,277000.0
2014-05-26,7,260285.7142857143
2014-05-27,4,460500.0
2014-05-28,8,310250.0
2014-05-29,3,294166.6666666667
2014-05-30,11,236090.9090909091
2014-06-01,1,427312.78
2014-06-02,1,185022.0
2014-06-03,1,475000.0
2014-06-05,1,400000.0
2014-06-06,11,235727.27272727274
2014-06-10,71,196704.5633802817
2014-06-11,4,342250.0
2014-06-13,10,356450.0
2014-06-16,4,371250.0
2014-06-25,9,218240.78222222222
2014-06-26,4,300000.0
2014-06-27,13,308769.23076923075
2014-06-30,4,220500.0
2014-07-02,3,298333.3333333333
2014-07-04,2,657500.0
2014-07-05,10,235100.0
2014-07-07,5,298800.0
2014-07-08,4,274900.25
2014-07-10,43,308917.488372093
2014-07-11,12,247132.9275
2014-07-14,8,274262.5
2014-07-15,26,225873.09384615388
2014-07-16,3,476232.0
2014-07-17,6,245416.66666666666
2014-07-18,14,438410.71428571426
2014-07-21,3,602033.3333333334
2014-07-22,9,305055.55555555556
2014-07-23,3,281666.6666666667
2014-07-24,5,312102.2
2014-07-25,13,302846.1538461539
2014-07-28,3,275000.0
2014-07-29,4,485750.0
2014-07-30,7,297714.28571428574
2014-07-31,11,315882.45454545453
2014-08-01,1,180000.0
2014-08-04,1,385000.0
2014-08-05,3,400333.3333333333
2014-08-07,4,307250.0
2014-08-08,6,339583.3333333333
2014-08-09,3,372500.0
2014-08-10,3,289500.0
2014-08-12,6,338416.6666666667
2014-08-13,4,207500.0
2014-08-14,3,285666.6666666667
2014-08-15,8,296375.0
2014-08-17,1,237750.0
2014-08-18,6,329583.3333333333
2014-08-20,1,375000.0
2014-08-21,7,437857.14285714284
2014-08-22,10,470900.0
2014-08-25,5,440083.4
2014-08-26,4,352500.0
2014-08-27,3,377000.0
2014-08-28,11,431818.1818181818
2014-08-29,13,277423.07692307694
2014-09-01,1,334802.0
2014-09-04,1,342000.0
2014-09-05,11,344343.2727272727
2014-09-06,7,194534.2857142857
2014-09-07,5,370677.0
2014-09-09,6,234875.0
2014-09-10,3,358333.3333333333
2014-09-11,1,168000.0
2014-09-12,11,166735.88636363635
2014-09-13,1,505000.0
2014-09-15,4,386750.0
2014-09-16,10,396900.0
2014-09-17,5,257800.0
2014-09-18,6,421683.5
2014-09-19,11,292469.82363636367
2014-09-22,6,306500.0
2014-09-23,12,406231.25
2014-09-24,7,359858.28571428574
2014-09-25,9,290761.90444444446
2014-09-26,10,275450.0
2014-09-29,3,575000.0
2014-09-30,4,353500.0
2014-10-01,1,410000.0
2014-10-02,2,121510.0
2014-10-03,1,432000.0
2014-10-04,1,287000.0
2014-10-06,5,260190.0
2014-10-07,3,352666.6666666667
2014-10-09,5,545700.0
2014-10-10,11,377672.4072727273
2014-10-11,8,437751.375
2014-10-12,7,530857.1428571428
2014-10-13,14,347793.0228571429
2014-10-14,3,351000.0
2014-10-15,9,352796.6222222222
2014-10-16,3,440700.0
2014-10-17,7,264181.2457142857
2014-10-20,6,271116.6666666667
2014-10-21,4,318250.0
2014-10-22,2,246000.0
2014-10-23,4,320750.0
2014-10-24,14,330607.14285714284
2014-10-27,1,350000.0
2014-10-28,5,295585.4
2014-10-29,9,286777.6666666667
2014-10-30,5,470100.0
2014-10-31,13,330384.6153846154
2014-11-03,3,253000.0
2014-11-04,9,357713.1111111111
2014-11-06,11,262765.9090909091
2014-11-07,12,336427.0833333333
2014-11-08,4,247025.0
2014-11-09,4,302950.0
2014-11-11,4,287151.0
2014-11-12,16,284265.968125
2014-11-13,3,289500.0
2014-11-14,9,386833.3333333333
2014-11-17,6,309574.00166666665
2014-11-18,8,202059.875
2014-11-19,2,199500.0
2014-11-20,11,250545.45454545456
2014-11-21,5,268500.0
2014-11-24,3,495000.0
2014-11-25,7,256671.42857142858
2014-11-26,7,302857.14285714284
2014-11-27,5,260669.6
2014-11-28,23,321972.347826087
2014-12-03,2,212500.0
2014-12-05,6,294583.3333333333
2014-12-06,5,375000.0
2014-12-08,5,310600.0
2014-12-09,10,376500.0
2014-12-11,7,281428.5714285714
2014-12-12,23,297816.60869565216
2014-12-14,1,212000.0
2014-12-15,10,350500.0
2014-12-16,16,321199.75
2014-12-17,14,333191.40928571427
2014-12-18,16,333812.0625
2014-12-19,39,241681.34846153847
2014-12-20,1,270000.0
2014-12-22,43,237812.05813953487
2014-12-23,16,294081.5
2014-12-24,1,199000.0
2014-12-30,1,180000.0
2014-12-31,1,175000.0
2015-01-04,8,262500.0
2015-01-05,73,189298.3791780822
2015-01-06,12,511128.75
2015-01-07,15,262733.3333333333
2015-01-09,8,238572.875
2015-01-10,12,245916.66666666666
2015-01-12,6,192735.66666666666
2015-01-13,3,525000.0
2015-01-14,3,471333.3333333333
2015-01-15,3,357737.6666666667
2015-01-16,17,359514.82352941175
2015-01-19,4,298625.0
2015-01-20,10,386300.0
2015-01-21,10,366225.2
2015-01-22,2,327500.0
2015-01-23,21,249916.80952380953
2015-01-26,5,215470.0
2015-01-27,5,254800.0
2015-01-28,60,245513.48333333334
2015-01-29,7,331571.4285714286
2015-01-30,17,403565.29411764705
2015-02-02,1,255000.0
2015-02-03,2,340500.0
2015-02-04,10,298707.2
2015-02-06,9,278222.22222222225
2015-02-07,9,260222.22222222222
2015-02-09,13,379986.1538461539
2015-02-10,25,306856.27280000004
2015-02-11,11,215204.54545454544
2015-02-12,9,274333.3333333333
2015-02-13,11,278909.0909090909
2015-02-16,4,197000.0
2015-02-17,10,284800.0
2015-02-18,12,192305.08333333334
2015-02-19,9,328201.77777777775
2015-02-20,10,406700.0
2015-02-23,3,221500.0
2015-02-24,5,285600.0
2015-02-25,9,343869.22222222225
2015-02-26,6,397601.3333333333
2015-02-27,18,298971.83666666667
2015-02-28,1,166000.0
2015-03-02,5,318600.0
2015-03-03,4,200625.0
2015-03-06,7,261714.2857142857
2015-03-07,31,319677.4193548387
2015-03-09,18,452976.05555555556
2015-03-11,9,371238.8888888889
2015-03-12,17,279213.23529411765
2015-03-13,13,302355.6153846154
2015-03-16,6,300000.0
2015-03-18,6,298083.3333333333
2015-03-19,5,297500.0
2015-03-20,13,303145.07692307694
2015-03-23,7,255857.14285714287
2015-03-24,4,284743.5
2015-03-25,11,287338.0
2015-03-26,4,280270.0
2015-03-27,15,292800.0
2015-03-28,2,143200.0
2015-03-30,7,331514.28571428574
2015-03-31,7,221076.14285714287
2015-04-02,7,215844.26285714284
2015-04-03,8,413433.375
2015-04-06,16,330000.0
2015-04-08,8,288000.0
2015-04-09,35,325842.2425714286
2015-04-10,1,197000.0
2015-04-11,10,290625.0
2015-04-12,30,315533.93333333335
2015-04-13,2,222500.0
2015-04-14,4,312557.2675
2015-04-15,10,166614.538
2015-04-16,5,336000.0
2015-04-17,13,346285.46153846156
2015-04-20,5,266200.0
2015-04-21,12,312812.9166666667
2015-04-22,9,361314.24333333335
2015-04-23,4,351250.0
2015-04-24,14,275702.4857142857
2015-04-27,38,273126.7368421053
2015-04-28,36,201143.16666666666
2015-04-29,9,314555.55555555556
2015-04-30,15,317917.3333333333
2015-05-01,3,178333.33333333334
2015-05-02,7,273614.85142857145
2015-05-03,5,262000.0
2015-05-05,11,325979.1754545455
2015-05-06,70,220206.56885714285
2015-05-08,17,371000.0
2015-05-10,12,364386.0833333333
2015-05-11,14,392000.0
2015-05-13,11,287290.7490909091
2015-05-14,9,252362.22222222222
2015-05-15,14,300321.4285714286
2015-05-17,1,825000.0
2015-05-18,15,362382.20266666665
2015-05-19,11,263063.9127272727
2015-05-20,19,407001.4815789474
2015-05-21,14,232197.92857142858
2015-05-22,21,317857.14285714284
2015-05-25,16,264093.75
2015-05-26,13,338623.07692307694
2015-05-27,12,211271.75
2015-05-28,14,346321.4285714286
2015-05-29,30,382513.8
2015-05-30,1,295000.0
2015-06-01,4,277713.1075
2015-06-02,7,308122.08999999997
2015-06-03,5,275100.0
2015-06-04,2,187500.0
2015-06-05,27,208379.55555555556
2015-06-07,8,370306.25
2015-06-08,16,258281.25
2015-06-10,16,344773.609375
2015-06-11,17,298394.27294117643
2015-06-15,34,176362.90470588233
2015-06-16,12,256643.0983333333
2015-06-17,8,481375.0
2015-06-18,13,379099.28846153844
2015-06-19,28,310170.8789285714
2015-06-22,11,336268.1818181818
2015-06-23,14,376898.14285714284
2015-06-24,17,284428.19058823533
2015-06-25,10,380145.4
2015-06-26,22,291937.595
2015-06-28,2,197500.0
2015-06-29,19,298258.36842105264
2015-06-30,34,204526.95941176472
2015-07-01,7,376642.85714285716
2015-07-04,1,120000.0
2015-07-05,9,246777.77777777778
2015-07-07,14,349437.6964285714
2015-07-08,26,356315.625
2015-07-09,11,416617.33818181814
2015-07-10,13,305303.8461538461
2015-07-11,6,100000.0
2015-07-12,23,368418.04347826086
2015-07-13,16,387690.278125
2015-07-14,16,297265.625
2015-07-15,16,259906.25
2015-07-16,16,354615.875
2015-07-17,19,307578.2105263158
2015-07-20,21,314809.5238095238
2015-07-21,17,393396.82352941175
2015-07-22,15,380082.232
2015-07-23,11,359057.9090909091
2015-07-24,38,368576.98210526316
2015-07-27,17,347219.32352941175
2015-07-28,10,302934.6
2015-07-29,12,301341.7766666667
2015-07-30,25,366945.198
2015-07-31,44,344440.2027272727
2015-08-04,1,135250.0
2015-08-05,25,373777.52
2015-08-06,26,299307.6923076923
2015-08-07,13,398769.23076923075
2015-08-09,17,293854.88470588234
2015-08-10,14,361678.64285714284
2015-08-12,13,354454.93076923076
2015-08-13,8,267468.5
2015-08-14,30,317483.3333333333
2015-08-17,15,360346.0
2015-08-18,18,270638.8888888889
2015-08-19,11,371063.27545454545
2015-08-20,15,374480.10666666663
2015-08-21,22,447204.54545454547
2015-08-24,27,267232.25296296296
2015-08-25,16,455284.90625
2015-08-26,21,361680.58666666667
2015-08-27,32,376809.144375
2015-08-28,46,323465.12282608694
2015-08-29,1,600000.0
2015-08-31,15,390166.6666666667
2015-09-01,15,419133.3333333333
2015-09-02,9,267388.8888888889
2015-09-03,6,253333.33333333334
2015-09-04,5,616500.0
2015-09-05,1,110000.0
2015-09-06,11,328681.8181818182
2015-09-07,10,330100.0
2015-09-09,18,292577.7661111111
2015-09-10,41,269048.8658536585
2015-09-11,9,360444.44444444444
2015-09-12,11,316052.8754545454
2015-09-14,12,285812.1025
2015-09-15,11,340272.7272727273
2015-09-16,17,343694.10294117645
2015-09-17,17,337676.4705882353
2015-09-18,30,297444.86666666664
2015-09-19,1,370000.0
2015-09-21,11,291176.2109090909
2015-09-22,5,299066.6
2015-09-23,18,374306.98
2015-09-24,10,442200.0
2015-09-25,20,310625.35
2015-09-28,21,339103.09523809527
2015-09-29,11,394909.0909090909
2015-09-30,18,293123.6111111111
2015-10-02,2,323645.0
2015-10-03,6,241555.5
2015-10-04,23,253711.19434782607
2015-10-06,18,290666.6666666667
2015-10-07,21,316039.61904761905
2015-10-08,9,376944.44444444444
2015-10-09,15,393938.3333333333
2015-10-11,14,438125.71428571426
2015-10-12,19,359000.94736842107
2015-10-13,20,340575.0
2015-10-14,16,339337.5
2015-10-15,11,370473.45454545453
2015-10-16,25,339787.1712
2015-10-19,10,291950.0
2015-10-20,15,336077.45266666665
2015-10-21,15,300733.3333333333
2015-10-22,15,400260.0
2015-10-23,38,401282.5
2015-10-24,1,270000.0
2015-10-26,2,427896.48
2015-10-27,12,304833.3333333333
2015-10-28,10,370360.3
2015-10-29,14,381176.26714285713
2015-10-30,30,318693.0
2015-10-31,1,375000.0
2015-11-02,4,347976.745
2015-11-03,3,261333.33333333334
2015-11-05,10,279698.1
2015-11-06,18,399227.0
2015-11-08,10,239669.22999999998
2015-11-09,24,338666.6666666667
2015-11-11,11,344818.1818181818
2015-11-12,17,393002.23529411765
2015-11-13,9,339944.44444444444
2015-11-16,9,286340.55555555556
2015-11-17,11,316818.1818181818
2015-11-18,17,324372.8823529412
2015-11-19,19,309005.87
2015-11-20,26,325425.81615384616
2015-11-23,7,378285.71428571426
2015-11-24,6,290472.1666666667
2015-11-25,10,253914.2
2015-11-26,9,326611.1111111111
2015-11-27,24,376562.5
2015-11-30,8,268252.125
2015-12-01,8,335187.5
2015-12-02,9,370000.0
2015-12-03,5,234000.0
2015-12-05,14,177071.8992857143
2015-12-06,41,284065.8890243902
2015-12-08,16,392192.839375
2015-12-10,9,309444.44444444444
2015-12-11,14,278950.4285714286
2015-12-14,7,230607.14285714287
2015-12-15,8,352350.75
2015-12-16,9,254615.44444444444
2015-12-17,10,314876.4
2015-12-18,9,297944.44444444444
2015-12-21,7,279711.4285714286
2015-12-22,4,230674.0
2015-12-23,5,258500.0
2016-01-03,3,363032.30666666664
2016-01-04,5,512200.0
2016-01-06,7,396365.71428571426
2016-01-07,27,400285.18518518517
2016-01-09,18,328617.5266666667
2016-01-10,1,275000.0
2016-01-11,18,375026.8061111111
2016-01-12,34,284226.0738235294
2016-01-13,2,225000.0
2016-01-14,1,327000.0
2016-01-15,4,346250.0
2016-01-18,2,365000.0
2016-01-19,3,398333.3333333333
2016-01-20,3,653333.3333333334
2016-01-21,2,516000.0
2016-01-25,1,500000.0
2016-01-26,4,224500.0
2016-01-27,2,405000.0
2016-01-28,1,291500.0
2016-01-29,1,257000.0
2016-02-02,2,473723.575
2016-02-03,6,341000.0
2016-02-06,10,311728.83900000004
2016-02-08,15,330100.0
2016-02-09,35,400566.7705714286
2016-02-11,6,312633.0316666667
2016-02-12,30,393371.8513333333
2016-02-15,2,382000.0
2016-02-16,8,354250.0
2016-02-17,21,217199.02
2016-02-18,4,236887.5
2016-02-19,5,441900.0
2016-02-22,2,461250.0
2016-02-23,1,361000.0
2016-02-24,4,302250.0
2016-02-25,3,483333.3333333333
2016-02-26,4,261625.0
2016-02-29,7,320139.14285714284
2016-03-02,1,245000.0
2016-03-03,5,448200.0
2016-03-05,1,280000.0
2016-03-06,20,286964.55
2016-03-08,18,338450.8027777778
2016-03-10,20,341313.4
2016-03-11,18,364403.7272222222
2016-03-14,2,342500.0
2016-03-15,1,343600.0
2016-03-16,3,443333.3333333333
2016-03-18,6,324900.0
2016-03-21,2,313250.0
2016-03-22,6,264166.6666666667
2016-03-23,2,431000.0
2016-03-24,2,500000.0
2016-03-30,1,166000.0
2016-03-31,5,267158.0
2016-04-02,3,278000.0
2016-04-03,5,308700.4
2016-04-04,5,299000.0
2016-04-07,16,349136.97625
2016-04-08,20,340440.39249999996
2016-04-10,17,344117.64705882355
2016-04-11,29,385920.2179310345
2016-04-13,2,533000.0
2016-04-14,1,160000.0
2016-04-15,10,395500.0
2016-04-16,1,282000.0
2016-04-18,3,372666.6666666667
2016-04-19,3,198316.66666666666
2016-04-20,3,216666.66666666666
2016-04-21,2,375000.0
2016-04-22,1,230000.0
2016-04-25,2,240000.0
2016-04-26,4,509426.76
2016-04-27,4,360375.0
2016-04-28,5,354400.0
2016-04-29,4,245000.0
2016-05-01,2,227500.0
2016-05-02,5,330193.4
2016-05-03,1,450000.0
2016-05-04,1,600000.0
2016-05-05,4,251250.0
2016-05-06,1,449339.2
2016-05-07,17,369561.9388235294
2016-05-08,28,380788.9285714286
2016-05-09,34,317037.82352941175
2016-05-10,28,346614.27678571426
2016-05-12,13,348622.42615384614
2016-05-13,3,326000.0
2016-05-16,4,357266.5
2016-05-17,6,352916.6666666667
2016-05-18,6,327341.6666666667
2016-05-19,8,298537.20875
2016-05-20,23,361242.04173913045
2016-05-23,6,252966.66666666666
2016-05-24,4,281625.0
2016-05-25,9,317619.44444444444
2016-05-26,10,369923.49100000004
2016-05-27,14,312248.015
2016-05-30,14,398470.0
2016-05-31,13,310538.46153846156
2016-06-01,4,499250.0
2016-06-04,3,292000.0
2016-06-05,3,512983.3333333333
2016-06-06,1,230000.0
2016-06-07,17,359080.92294117645
2016-06-09,17,359756.17647058825
2016-06-10,10,344428.854
2016-06-12,8,341250.0
2016-06-13,12,324028.4583333333
2016-06-14,12,456916.6666666667
2016-06-15,11,306045.45454545453
2016-06-16,26,344132.29846153845
2016-06-17,30,313545.5316666666
2016-06-20,19,313333.7894736842
2016-06-21,10,337725.0
2016-06-22,18,312299.32722222223
2016-06-23,14,302136.10642857145
2016-06-24,18,320023.72222222225
2016-06-26,1,110000.0
2016-06-27,5,391964.756
2016-06-28,18,377659.44444444444
2016-06-29,16,349375.0
2016-06-30,31,304222.96451612905
2016-07-01,1,210000.0
2016-07-03,1,224500.0
2016-07-04,4,222258.0
2016-07-06,5,237433.4
2016-07-07,22,299342.4368181818
2016-07-09,15,296433.3333333333
2016-07-10,31,353020.27032258065
2016-07-11,21,374436.28571428574
2016-07-12,32,330240.4253125
2016-07-13,13,324040.6923076923
2016-07-14,20,383881.4375
2016-07-15,32,335002.225
2016-07-18,19,337987.5078947369
2016-07-19,23,324802.3043478261
2016-07-20,19,402605.0
2016-07-21,19,329581.84210526315
2016-07-22,28,366004.8542857143
2016-07-24,1,330000.0
2016-07-25,16,358006.116875
2016-07-26,23,363859.0308695652
2016-07-27,11,365904.08454545453
2016-07-28,24,305060.6141666667
2016-07-29,51,378398.98450980394
2016-08-01,3,295000.0
2016-08-02,2,660000.0
2016-08-03,3,209166.66666666666
2016-08-04,10,326429.7
2016-08-06,9,342996.44444444444
2016-08-07,23,369441.3043478261
2016-08-08,15,321141.73333333334
2016-08-09,26,368038.46153846156
2016-08-11,11,324233.1818181818
2016-08-12,34,319761.6667647059
2016-08-15,12,388458.3333333333
2016-08-16,16,343312.5
2016-08-17,19,398302.1678947368
2016-08-18,16,335480.038125
2016-08-19,39,311186.92025641026
2016-08-22,17,362177.64705882355
2016-08-23,19,330970.19
2016-08-24,16,339137.9575
2016-08-25,27,294582.7037037037
2016-08-26,24,338337.62666666665
2016-08-28,1,605000.0
2016-08-29,18,387916.6666666667
2016-08-30,25,343889.5536
2016-08-31,25,414356.24159999995
2016-09-02,1,225000.0
2016-09-03,1,210000.0
2016-09-05,7,302343.9257142857
2016-09-06,18,288027.77777777775
2016-09-07,1,362000.0
2016-09-08,16,384854.25375000003
2016-09-09,20,327438.2155
2016-09-11,23,315695.652173913
2016-09-12,43,360577.8523255814
2016-09-13,17,300909.4117647059
2016-09-14,23,364326.6134782609
2016-09-18,1,725000.0
2016-09-19,9,353718.0
2016-09-20,23,315861.45869565214
2016-09-21,15,327824.3333333333
2016-09-22,14,328143.2107142857
2016-09-23,31,327551.08999999997
2016-09-26,13,376282.57692307694
2016-09-27,18,354060.93944444443
2016-09-28,14,361623.9771428571
2016-09-29,28,327751.02464285714
2016-09-30,35,334083.1054285714
2016-10-02,2,379000.0
2016-10-03,1,370044.0
2016-10-05,6,249666.66666666666
2016-10-06,31,336286.05000000005
2016-10-08,17,384106.42529411765
2016-10-10,7,477428.5714285714
2016-10-11,21,392398.30666666664
2016-10-12,1,541849.0
2016-10-13,14,318520.30214285717
2016-10-14,36,344684.3611111111
2016-10-16,1,610000.0
2016-10-17,24,354624.26
2016-10-18,23,347407.32434782607
2016-10-19,16,381579.9375
2016-10-20,19,366870.94736842107
2016-10-21,41,396658.53658536583
2016-10-22,1,201600.0
2016-10-24,15,326072.03866666666
2016-10-25,21,340851.26714285713
2016-10-26,26,387343.85769230773
2016-10-27,26,343561.5
2016-10-28,51,360770.94862745097
2016-10-30,2,307500.0
2016-10-31,3,285000.0
2016-11-01,2,418000.0
2016-11-02,2,222500.0
2016-11-03,5,320900.0
2016-11-04,7,375307.14285714284
2016-11-05,2,139000.0
2016-11-07,14,450714.28571428574
2016-11-08,17,323108.5770588235
2016-11-10,9,327086.0722222222
2016-11-11,22,337714.55727272725
2016-11-14,15,271798.09133333334
2016-11-15,28,388213.5792857143
2016-11-16,18,343275.2655555556
2016-11-17,22,366548.27454545454
2016-11-18,43,341719.4372093023
2016-11-21,20,386280.7285
2016-11-22,16,340366.46875
2016-11-23,25,319138.5116
2016-11-24,19,282097.32263157895
2016-11-25,37,336880.8159459459
2016-11-26,1,305000.0
2016-11-27,1,430000.0
2016-11-28,22,364972.1818181818
2016-11-29,17,311057.64705882355
2016-11-30,34,310291.05676470586
2016-12-02,6,352777.6666666667
2016-12-04,1,318000.0
2016-12-05,3,308333.3333333333
2016-12-07,11,353402.2727272727
2016-12-08,28,312712.0528571429
2016-12-09,10,400443.833
2016-12-10,10,376829.3
2016-12-11,1,315000.0
2016-12-12,25,360932.2216
2016-12-13,22,309612.1340909091
2016-12-14,35,360478.21457142854
2016-12-15,54,266200.1277777778
2016-12-16,54,360605.6177777778
2016-12-18,3,436366.3333333333
2016-12-19,122,213675.5674590164
2016-12-20,26,284828.80384615384
2016-12-21,59,331721.5581355932
2016-12-22,52,301908.65173076926
2016-12-23,17,344974.29411764705
2016-12-30,3,176022.0
2016-12-31,1,149500.0
2017-01-01,3,606666.6666666666
2017-01-02,17,298420.44588235294
2017-01-03,25,312560.0
2017-01-05,1,400000.0
2017-01-06,25,345625.7968
2017-01-08,31,321453.21645161294
2017-01-09,24,356392.4145833333
2017-01-11,16,383815.3425
2017-01-12,38,395050.74842105265
2017-01-13,15,286724.228
2017-01-14,1,150000.0
2017-01-16,15,352568.93333333335
2017-01-17,20,369925.176
2017-01-18,14,418213.5714285714
2017-01-19,17,395538.0929411765
2017-01-20,44,324883.9693181818
2017-01-23,7,341642.85714285716
2017-01-24,13,273728.76923076925
2017-01-25,16,389464.6125
2017-01-26,23,389490.20826086955
2017-01-27,34,366432.28382352943
2017-01-28,1,261000.0
2017-01-30,15,397623.0
2017-01-31,18,356989.1827777778
2017-02-02,18,308294.44444444444
2017-02-03,35,363910.2577142857
2017-02-05,18,389902.8155555555
2017-02-06,29,419800.4827586207
2017-02-07,1,535000.0
2017-02-08,28,335369.1710714285
2017-02-10,27,389624.557037037
2017-02-11,29,347465.8686206896
2017-02-13,30,329677.9436666667
2017-02-14,35,357545.54285714286
2017-02-15,21,278778.79142857145
2017-02-16,18,406079.1666666667
2017-02-17,49,383907.35693877545
2017-02-18,1,318000.0
2017-02-20,19,331131.1052631579
2017-02-21,19,365420.8068421053
2017-02-22,31,304205.84387096774
2017-02-23,26,347304.0542307692
2017-02-24,44,381583.70454545453
2017-02-25,1,930000.0
2017-02-27,22,332529.54545454547
2017-02-28,20,354900.0
2017-03-01,1,292000.0
2017-03-02,34,289353.29411764705
2017-03-03,35,332238.37257142854
2017-03-04,13,266775.06846153847
2017-03-05,19,340259.5884210526
2017-03-07,19,391038.4210526316
2017-03-08,38,363202.02289473685
2017-03-10,20,365392.2
2017-03-11,30,368025.5723333333
2017-03-13,9,313502.77777777775
2017-03-14,20,403638.76
2017-03-15,23,325575.31782608695
2017-03-16,33,316318.1436363636
2017-03-20,8,426843.75
2017-03-21,10,299487.39900000003
2017-03-22,15,345330.0
2017-03-23,24,346014.4583333333
2017-03-24,20,355544.682
2017-03-27,13,298477.8461538461
2017-03-28,13,354596.0269230769
2017-03-29,16,320625.0825
2017-03-30,20,373340.374
2017-03-31,37,383308.3862162162
2017-04-01,10,330350.0
2017-04-04,22,344565.9090909091
2017-04-05,27,333263.0774074074
2017-04-07,24,315770.625
2017-04-08,25,401145.16
2017-04-09,27,321765.7692592592
2017-04-10,24,414964.14083333337
2017-04-12,17,405598.5
2017-04-13,30,382236.0453333333
2017-04-14,3,511666.6666666667
2017-04-18,5,266000.0
2017-04-19,8,292562.5
2017-04-20,17,407596.54058823525
2017-04-21,22,346463.86363636365
2017-04-24,15,327851.12533333333
2017-04-25,20,331831.826
2017-04-26,22,261982.86363636365
2017-04-27,16,319321.546875
2017-04-28,28,327838.14285714284
2017-05-01,10,394000.0
2017-05-04,11,358270.60454545455
2017-05-05,23,379799.2173913043
2017-05-06,2,425000.0
2017-05-07,18,286694.44444444444
2017-05-09,26,356286.8803846154
2017-05-10,16,336939.6875
2017-05-12,30,341040.70033333334
2017-05-15,19,350894.23105263157
2017-05-16,14,297299.115
2017-05-17,17,347434.4117647059
2017-05-18,13,279192.1192307692
2017-05-19,29,351902.58758620685
2017-05-20,1,495000.0
2017-05-22,16,377156.25
2017-05-23,11,341441.3290909091
2017-05-24,14,359605.35714285716
2017-05-25,23,346369.1591304348
2017-05-26,31,349619.32258064515
2017-05-29,13,320271.4330769231
2017-05-30,20,365403.7755
2017-05-31,22,422979.5909090909
2017-06-01,20,365068.325
2017-06-02,12,399430.20166666666
2017-06-03,31,373098.1164516129
2017-06-04,18,339828.05833333335
2017-06-05,1,330000.0
2017-06-06,19,379547.9057894737
2017-06-07,33,323999.75757575757
2017-06-08,1,375000.0
2017-06-09,20,340952.08050000004
2017-06-10,46,415120.5889130435
2017-06-11,17,316419.6723529412
2017-06-12,37,452426.0954054054
2017-06-13,14,392714.28571428574
2017-06-14,16,414485.8125
2017-06-15,14,317479.0714285714
2017-06-16,31,416084.3329032258
2017-06-19,13,315904.6153846154
2017-06-20,20,357663.5455
2017-06-21,16,289355.6875
2017-06-22,19,394658.71789473685
2017-06-23,38,419921.6955263158
2017-06-24,1,245000.0
2017-06-26,8,313025.0
2017-06-27,24,380998.62666666665
2017-06-28,26,397012.7753846154
2017-06-29,24,350030.7916666667
2017-06-30,38,346216.77210526314
2017-07-02,17,395671.2758823529
2017-07-03,36,348616.19444444444
2017-07-04,27,411920.53148148145
2017-07-06,13,361728.8461538461
2017-07-07,29,320273.7803448276
2017-07-09,25,352423.05520000006
2017-07-11,16,382002.0625
2017-07-12,32,414454.84375
2017-07-13,19,291819.4736842105
2017-07-14,34,380642.5979411765
2017-07-17,16,444355.845625
2017-07-18,26,415570.4276923077
2017-07-19,94,241299.59670212766
2017-07-20,25,381964.102
2017-07-21,20,429262.47300000006
2017-07-24,13,364133.0
2017-07-25,18,356669.1111111111
2017-07-26,20,389010.16099999996
2017-07-27,21,465851.36761904764
2017-07-28,39,379614.0728205128
2017-07-31,36,465520.375
2017-08-02,19,366590.66842105263
2017-08-03,28,300959.75357142853
2017-08-05,7,326520.32857142854
2017-08-06,15,327317.61600000004
2017-08-08,21,402360.6690476191
2017-08-09,40,377274.3125
2017-08-11,25,495400.0
2017-08-12,41,390926.48341463413
2017-08-14,18,252827.08555555556
2017-08-15,15,354746.0
2017-08-16,23,374803.3447826087
2017-08-17,13,335189.6923076923
2017-08-18,17,449681.4976470588
2017-08-19,1,275000.0
2017-08-21,16,426455.625
2017-08-22,18,380080.6111111111
2017-08-23,25,403219.93240000005
2017-08-24,22,390900.0
2017-08-25,43,405633.7851162791
2017-08-28,20,397569.824
2017-08-29,18,264422.3205555555
2017-08-30,32,385095.9559375
2017-08-31,40,416330.728
2017-09-01,11,346590.9090909091
2017-09-02,15,369140.614
2017-09-03,26,338250.26923076925
2017-09-05,12,324637.665
2017-09-06,42,409882.21428571426
2017-09-08,18,349507.20666666667
2017-09-10,16,434435.9375
2017-09-11,16,355356.24375
2017-09-13,24,386693.1570833333
2017-09-14,34,392978.66029411764
2017-09-15,50,386320.04
2017-09-16,1,360000.0
2017-09-18,17,367098.4105882353
2017-09-19,23,362563.47826086957
2017-09-20,29,343505.0537931035
2017-09-21,47,383388.515106383
2017-09-22,51,364484.85941176466
2017-09-23,2,477500.0
2017-09-24,1,155000.0
2017-09-25,38,342455.165
2017-09-26,31,312549.2758064516
2017-09-27,20,381025.0
2017-09-28,38,368380.7760526316
2017-09-29,59,377167.63355932204
2017-09-30,1,394000.0
2017-10-01,15,353505.4326666667
2017-10-02,39,380344.0253846154
2017-10-03,26,350768.0669230769
2017-10-04,18,413997.6722222222
2017-10-05,20,342044.9535
2017-10-06,2,522500.0
2017-10-07,20,390058.41099999996
2017-10-08,25,442793.468
2017-10-10,37,357824.3343243243
2017-10-11,41,361592.4587804878
2017-10-12,1,181000.0
2017-10-13,27,320715.5925925926
2017-10-16,5,405182.2
2017-10-17,24,355964.2891666666
2017-10-18,116,336236.0462931034
2017-10-19,26,385032.46153846156
2017-10-20,37,370211.17459459463
2017-10-21,1,405000.0
2017-10-22,2,277500.0
2017-10-23,18,306435.72222222225
2017-10-24,26,380373.94076923083
2017-10-25,25,390551.5672
2017-10-26,37,396435.64702702704
2017-10-27,43,383561.0225581396
2017-10-31,31,390285.5806451613
2017-11-01,7,392698.79142857145
2017-11-04,14,410560.28571428574
2017-11-05,33,442285.99787878786
2017-11-07,22,324784.2727272727
2017-11-08,42,244727.15857142856
2017-11-09,24,336833.4483333333
2017-11-10,17,416545.99411764706
2017-11-12,15,412987.87799999997
2017-11-13,15,368100.298
2017-11-14,11,314488.4518181818
2017-11-15,31,329648.2174193548
2017-11-16,17,397503.87058823527
2017-11-17,38,336058.9102631579
2017-11-20,42,303300.56476190477
2017-11-21,18,347878.5594444445
2017-11-22,12,402734.3233333333
2017-11-23,22,381714.52181818185
2017-11-24,48,319765.74854166666
2017-11-27,18,369313.94444444444
2017-11-28,29,427923.4320689655
2017-11-29,20,427817.841
2017-11-30,32,423953.946875
2017-12-01,18,351274.29666666663
2017-12-02,1,335000.0
2017-12-04,41,289952.1848780488
2017-12-05,30,293266.6666666667
2017-12-06,23,437945.50782608695
2017-12-07,28,319647.6171428571
2017-12-08,2,289000.0
2017-12-09,15,356645.9033333333
2017-12-10,21,361412.95238095237
2017-12-12,32,322665.1196875
2017-12-13,61,282419.93967213115
2017-12-14,142,318148.10309859156
2017-12-15,29,372671.8251724138
2017-12-18,24,368514.1229166666
2017-12-19,45,349843.0402222222
2017-12-20,53,371560.15924528305
2017-12-21,63,333761.42587301583
2017-12-22,59,342600.8554237288
2017-12-24,1,265000.0
2017-12-29,1,382000.0
2017-12-30,2,285000.0
2018-01-02,30,285894.24799999996
2018-01-03,3,364166.6666666667
2018-01-05,15,340173.86666666664
2018-01-06,41,394729.7419512195
2018-01-07,3,213333.33333333334
2018-01-08,23,405301.08347826084
2018-01-09,1,380000.0
2018-01-10,24,392267.87083333335
2018-01-11,18,386651.3333333333
2018-01-12,1,675000.0
2018-01-14,1,406550.0
2018-01-15,14,394933.4285714286
2018-01-16,9,414881.8888888889
2018-01-17,9,393294.4788888889
2018-01-18,12,396964.1666666667
2018-01-19,29,389286.3437931035
2018-01-22,11,342318.1818181818
2018-01-23,22,334953.7827272727
2018-01-24,44,353240.9572727273
2018-01-25,24,350764.73875
2018-01-26,47,351066.96170212765
2018-01-29,22,375837.1145454545
2018-01-30,15,340234.59466666664
2018-01-31,35,400421.6
2018-02-01,7,385604.3857142857
2018-02-02,26,349937.14961538464
2018-02-04,1,472500.0
2018-02-05,27,390992.9333333333
2018-02-07,19,367511.23526315787
2018-02-08,18,382885.1322222222
2018-02-10,19,365200.9621052632
2018-02-11,29,394398.6551724138
2018-02-13,17,323568.93235294113
2018-02-14,7,331714.28571428574
2018-02-15,17,376707.5664705882
2018-02-16,23,391108.8695652174
2018-02-19,17,404298.07823529415
2018-02-20,13,406279.5684615384
2018-02-21,23,411110.9130434783
2018-02-22,31,423572.6441935484
2018-02-23,25,438255.138
2018-02-26,22,396722.9268181818
2018-02-27,14,470415.21428571426
2018-02-28,34,359062.1402941176
2018-03-01,9,308833.3333333333
2018-03-04,7,502612.33285714284
2018-03-05,23,366853.2626086956
2018-03-07,19,376995.60315789474
2018-03-08,40,336495.82175
2018-03-09,23,380188.347826087
2018-03-10,16,367612.84625
2018-03-12,12,500837.68416666664
2018-03-13,19,370136.05947368423
2018-03-14,25,351408.19159999996
2018-03-15,24,355679.08208333334
2018-03-16,59,383011.06
2018-03-17,1,333333.0
2018-03-18,1,395000.0
2018-03-19,1,425000.0
2018-03-20,61,268440.4529508197
2018-03-21,10,369614.5
2018-03-22,20,344419.6945
2018-03-23,36,336133.5130555556
2018-03-26,4,363250.0
2018-03-27,22,382025.2518181818
2018-03-28,61,276206.86491803284
2018-03-29,57,403039.10894736846
2018-03-30,1,447895.0
2018-04-01,21,325333.49333333335
2018-04-04,21,377185.1257142857
2018-04-05,36,402960.76111111115
2018-04-06,4,321500.0
2018-04-07,23,412285.0126086956
2018-04-09,13,390357.53846153844
2018-04-10,21,348375.04761904763
2018-04-12,21,347841.09523809527
2018-04-13,27,390050.58
2018-04-16,20,437072.74450000003
2018-04-17,23,399097.68260869564
2018-04-18,24,347923.5995833333
2018-04-19,16,353653.9175
2018-04-20,43,364881.58930232556
2018-04-23,14,422935.24642857147
2018-04-24,15,317224.3393333333
2018-04-25,19,433441.6536842105
2018-04-26,26,347670.62615384615
2018-04-27,40,410113.69125000003
2018-04-28,1,162995.6
2018-04-30,24,318483.3333333333
2018-05-01,20,391537.96
2018-05-02,18,378735.1111111111
2018-05-03,8,395082.59875
2018-05-04,18,302971.82277777774
2018-05-05,1,400000.0
2018-05-06,13,390814.6515384615
2018-05-07,18,380055.75833333336
2018-05-09,24,387895.70166666666
2018-05-10,32,438956.52375
2018-05-11,16,331577.23
2018-05-12,24,353673.3770833334
2018-05-13,1,248000.0
2018-05-14,23,422401.2304347826
2018-05-15,19,293909.6842105263
2018-05-16,18,346635.06055555557
2018-05-17,11,434975.9090909091
2018-05-18,29,415988.01137931034
2018-05-21,22,427461.6581818182
2018-05-22,22,441893.43227272725
2018-05-23,22,340067.895
2018-05-24,18,355324.645
2018-05-25,34,397223.55794117646
2018-05-28,25,370249.63479999994
2018-05-29,19,360488.9236842105
2018-05-30,20,367188.7645
2018-05-31,35,403558.91057142854
2018-06-02,14,360698.55214285717
2018-06-03,19,363763.15789473685
2018-06-04,22,354751.1331818182
2018-06-06,35,309906.64971428574
2018-06-07,28,374995.9382142857
2018-06-08,1,337004.0
2018-06-09,19,439190.6305263158
2018-06-11,19,360813.2357894737
2018-06-12,17,365291.9205882353
2018-06-13,24,342204.32625
2018-06-14,20,415306.1365
2018-06-15,41,368131.4053658537
2018-06-18,13,374540.32461538457
2018-06-19,8,393044.625
2018-06-20,24,433697.4354166666
2018-06-21,17,388224.67
2018-06-22,39,381112.27512820513
2018-06-25,15,353717.1453333333
2018-06-26,23,310748.44608695654
2018-06-27,21,455167.1857142857
2018-06-28,37,377164.9681081081
2018-06-29,29,377231.63379310345
2018-06-30,1,191000.0
2018-07-02,17,368669.64705882355
2018-07-03,23,365965.16
2018-07-06,29,372736.59034482756
2018-07-08,9,370770.44444444444
2018-07-09,35,435666.33228571434
2018-07-11,14,478921.605
2018-07-12,48,377808.43770833337
2018-07-13,39,387640.1671794872
2018-07-16,17,423626.6994117647
2018-07-17,21,361968.09523809527
2018-07-18,35,363572.1782857143
2018-07-19,37,378878.6437837838
2018-07-20,34,424510.30411764706
2018-07-21,2,265500.0
2018-07-23,38,362765.6052631579
2018-07-24,16,364577.0625
2018-07-25,28,396543.58928571426
2018-07-26,37,407207.13216216216
2018-07-27,37,332787.2424324324
2018-07-30,20,391682.9
2018-07-31,25,419858.92
2018-08-01,12,391837.5833333333
2018-08-02,20,374846.8155
2018-08-03,33,380137.29454545456
2018-08-05,11,474081.2727272727
2018-08-06,24,416396.605
2018-08-08,18,403113.6811111111
2018-08-10,27,447901.8488888889
2018-08-11,29,300293.9572413793
2018-08-12,1,428000.0
2018-08-13,11,456966.75909090904
2018-08-14,17,338065.83352941176
2018-08-15,25,451057.66359999997
2018-08-16,18,378237.90722222225
2018-08-17,30,399638.79866666667
2018-08-19,2,231250.0
2018-08-20,13,440566.9061538462
2018-08-21,18,353378.1111111111
2018-08-22,23,431137.82608695654
2018-08-23,29,383199.99275862065
2018-08-24,32,434979.118125
2018-08-27,17,434316.5882352941
2018-08-28,21,389690.0
2018-08-29,21,398234.6595238095
2018-08-30,28,383092.30892857147
2018-08-31,34,358520.52794117643
2018-09-01,6,443156.3866666667
2018-09-02,35,386774.512
2018-09-03,53,300939.46169811324
2018-09-04,11,408909.0909090909
2018-09-05,24,365111.3354166667
2018-09-07,13,346911.23076923075
2018-09-08,14,335768.0
2018-09-10,16,405747.4425
2018-09-11,31,363589.7470967742
2018-09-13,24,407397.9970833333
2018-09-14,32,431612.34375
2018-09-17,18,342219.1666666667
2018-09-18,24,324238.4583333333
2018-09-19,27,357989.06296296295
2018-09-20,31,388723.4193548387
2018-09-21,38,387462.3578947368
2018-09-23,1,750000.0
2018-09-24,14,429804.5714285714
2018-09-25,15,430472.586
2018-09-26,34,400944.13470588234
2018-09-27,29,366267.3103448276
2018-09-28,53,427054.4213207547
2018-09-29,1,361233.0
2018-10-01,20,342373.6
2018-10-04,12,387100.25333333336
2018-10-05,16,393253.19875
2018-10-07,26,380922.3034615385
2018-10-08,38,363417.87263157894
2018-10-09,25,484249.282
2018-10-10,19,508854.7410526316
2018-10-11,1,410000.0
2018-10-12,16,402422.38
2018-10-15,25,312786.19039999996
2018-10-16,24,345294.9691666667
2018-10-17,23,327497.58304347825
2018-10-18,20,418715.223
2018-10-19,30,360312.7723333333
2018-10-22,12,460364.5933333333
2018-10-23,17,348544.4417647059
2018-10-24,31,348578.22354838706
2018-10-25,35,430402.07371428574
2018-10-26,44,436159.4113636364
2018-10-29,1,427312.77
2018-10-30,24,384256.13999999996
2018-10-31,34,404489.5185294118
2018-11-01,7,389464.28571428574
2018-11-04,12,376005.11333333334
2018-11-05,38,379465.04842105263
2018-11-06,21,411456.59380952385
2018-11-07,19,456231.5094736842
2018-11-09,10,465008.7
2018-11-10,13,383615.3846153846
2018-11-12,35,368877.23657142854
2018-11-13,25,342123.45399999997
2018-11-14,21,365186.69761904766
2018-11-15,22,447327.78909090906
2018-11-16,34,389915.9705882353
2018-11-17,1,365000.0
2018-11-18,1,220000.0
2018-11-19,18,406361.53444444446
2018-11-20,20,353828.2555
2018-11-21,14,377999.5578571428
2018-11-22,18,374324.78777777776
2018-11-23,48,374358.7139583333
2018-11-26,19,307420.5263157895
2018-11-27,26,345188.21730769234
2018-11-28,16,354476.5025
2018-11-29,26,351646.0311538462
2018-11-30,17,455711.53647058824
2018-12-01,35,335816.85714285716
2018-12-02,16,396306.25
2018-12-03,17,448415.1176470588
2018-12-04,14,337649.7571428571
2018-12-05,1,303000.0
2018-12-06,20,362314.0595
2018-12-07,28,380657.14285714284
2018-12-09,20,321368.9715
2018-12-10,24,365095.3458333334
2018-12-11,12,364791.6666666667
2018-12-12,75,323640.2556
2018-12-13,49,286692.5863265306
2018-12-14,42,360423.4680952381
2018-12-17,28,451275.12392857147
2018-12-18,61,369884.18540983606
2018-12-19,60,372942.8596666667
2018-12-20,66,383478.9774242425
2018-12-21,52,357842.0
2018-12-27,1,205625.0
2018-12-28,2,467500.0
2018-12-31,1,362000.0
2019-01-02,29,394392.09034482756
2019-01-03,25,429001.3852
2019-01-04,38,334059.0197368421
2019-01-05,16,475985.8125
2019-01-07,17,414176.4705882353
2019-01-08,41,338440.4556097561
2019-01-14,11,300743.8181818182
2019-01-15,20,375712.052
2019-01-16,11,470818.1818181818
2019-01-17,27,373043.85185185185
2019-01-18,34,405717.7767647059
2019-01-19,1,318100.0
2019-01-21,12,374946.5833333333
2019-01-22,14,341210.71428571426
2019-01-23,20,376123.898
2019-01-24,31,443996.34870967746
2019-01-25,40,384271.30175
2019-01-26,1,330000.0
2019-01-28,19,387780.0
2019-01-29,24,294355.1666666667
2019-01-30,9,369166.6666666667
2019-01-31,24,385914.5416666667
2019-02-01,3,315500.0
2019-02-04,25,477380.92
2019-02-05,18,355998.4088888889
2019-02-07,16,329451.078125
2019-02-08,19,373154.9268421053
2019-02-13,9,397183.3333333333
2019-02-14,49,298180.4055102041
2019-02-15,32,346291.515625
2019-02-18,21,373619.14285714284
2019-02-19,10,295355.818
2019-02-20,14,375700.0
2019-02-21,24,357066.62083333335
2019-02-22,34,383987.4667647059
2019-02-25,31,365092.5806451613
2019-02-26,6,329583.3333333333
2019-02-27,16,414219.523125
2019-02-28,13,393370.6153846154
2019-03-01,3,389032.3333333333
2019-03-03,1,176666.66
2019-03-04,28,330042.56678571424
2019-03-05,46,372641.9210869566
2019-03-07,17,392662.19764705887
2019-03-13,25,375292.19039999996
2019-03-14,20,350930.1755
2019-03-15,38,398519.5731578947
2019-03-19,20,351399.9
2019-03-20,23,416690.6208695652
2019-03-21,14,371473.35714285716
2019-03-22,27,320922.55296296295
2019-03-23,1,560000.0
2019-03-25,29,384476.4482758621
2019-03-26,25,413524.98960000003
2019-03-27,25,377136.28
2019-03-28,41,410235.68292682926
2019-03-29,50,400145.84119999997
2019-03-31,1,270000.0
2019-04-01,10,325650.0
2019-04-02,18,400022.19333333336
2019-04-03,15,399358.0
2019-04-04,21,396141.81857142854
2019-04-06,14,394074.14285714284
2019-04-07,23,334660.2173913043
2019-04-15,24,379776.22041666665
2019-04-16,20,314975.0
2019-04-17,23,325896.47304347827
2019-04-18,35,377622.9702857143
2019-04-20,1,675000.0
2019-04-23,4,478750.0
2019-04-24,19,413926.1842105263
2019-04-25,17,450159.4152941177
2019-04-26,27,395670.62592592597
2019-04-29,19,331403.51368421054
2019-04-30,36,339642.41055555554
2019-05-02,23,365239.1304347826
2019-05-03,24,442932.72750000004
2019-05-04,34,348495.9394117647
2019-05-06,21,409478.55238095234
2019-05-07,49,404160.0224489796
2019-05-13,11,290782.9390909091
2019-05-14,16,329608.4375
2019-05-15,17,327281.29
2019-05-16,25,368076.0
2019-05-17,28,377071.4285714286
2019-05-19,1,506607.0
2019-05-20,9,287875.3333333333
2019-05-21,31,329461.344516129
2019-05-22,19,335080.7894736842
2019-05-23,22,350675.6709090909
2019-05-24,36,335388.44416666665
2019-05-27,22,421942.4090909091
2019-05-28,24,350407.03750000003
2019-05-29,21,356738.09523809527
2019-05-30,34,370563.39
2019-05-31,30,419673.4683333334
2019-06-02,16,363826.375
2019-06-03,19,354064.0889473684
2019-06-06,25,356444.3692
2019-06-08,9,341593.55555555556
2019-06-13,41,301360.2780487805
2019-06-14,48,391314.373125
2019-06-16,1,258000.0
2019-06-17,18,409166.6666666667
2019-06-18,14,421664.32
2019-06-19,24,332312.64375
2019-06-20,46,319810.76347826084
2019-06-21,31,426455.4380645161
2019-06-24,18,409496.6666666667
2019-06-25,20,361894.683
2019-06-26,26,384865.9592307692
2019-06-27,26,386926.1792307692
2019-06-28,53,363196.51169811323
2019-07-01,8,405335.125
2019-07-02,14,351029.0714285714
2019-07-03,21,311444.3333333333
2019-07-05,15,413618.8493333334
2019-07-06,32,445141.65625
2019-07-08,16,425838.10562499997
2019-07-15,15,393872.812
2019-07-16,12,351343.14083333337
2019-07-17,17,360945.08470588236
2019-07-18,21,432674.6752380952
2019-07-19,30,409333.1886666667
2019-07-22,13,343192.3076923077
2019-07-23,21,350146.94761904766
2019-07-24,20,383374.0
2019-07-25,23,347677.90304347826
2019-07-26,35,378956.33114285715
2019-07-27,1,385000.0
2019-07-29,20,328178.69049999997
2019-07-30,22,400387.86363636365
2019-07-31,28,426935.86035714287
2019-08-01,10,436150.0
2019-08-02,30,410794.7403333334
2019-08-03,19,312082.4652631579
2019-08-04,16,346652.010625
2019-08-05,18,364858.7261111111
2019-08-07,14,373557.21428571426
2019-08-08,5,317400.0
2019-08-13,9,340968.8766666667
2019-08-14,5,362500.0
2019-08-15,5,270200.0
2019-08-16,5,348000.0
2019-09-01,9,403833.3333333333
2019-09-04,22,401870.74272727274
2019-09-05,13,397123.23076923075
2019-09-07,17,390375.61647058825
2019-09-08,15,393307.1946666667
2019-10-01,19,402626.2152631579
2019-10-02,1,935000.0
2019-10-04,26,303715.46153846156
2019-10-05,19,373852.5263157895
2019-10-06,16,336593.75
2019-10-07,25,464020.72
2019-11-01,25,430822.2132
2019-11-02,23,312321.7156521739
2019-11-03,13,327826.8461538461
2019-11-04,30,377783.62733333337
2019-11-05,1,730000.0
2019-11-06,5,267200.0
2019-11-07,24,388716.1666666667
2019-12-02,13,358211.53846153844
2019-12-03,12,277325.99166666664
2019-12-04,35,409362.1637142857
2019-12-06,17,371430.1482352941
2019-12-07,41,421535.12390243897
2019-12-08,7,479782.0942857143
2020-01-04,11,439874.7172727272
2020-01-05,12,376922.1666666667
2020-01-06,2,694988.985
2020-01-07,17,427161.66
2020-01-08,1,140000.0
2020-01-09,18,396713.44444444444
2020-01-10,22,403909.0909090909
2020-01-11,1,240000.0
2020-01-12,24,357284.70916666667
2020-01-13,15,406872.5333333333
2020-01-14,48,334305.08125
2020-01-15,13,419676.17076923075
2020-01-16,26,441595.9942307692
2020-01-17,29,426344.8275862069
2020-01-20,16,367942.593125
2020-01-21,12,360291.6666666667
2020-01-22,18,356790.77777777775
2020-01-23,21,413215.87
2020-01-24,31,422983.87096774194
2020-01-27,12,287019.45666666667
2020-01-28,13,405076.92307692306
2020-01-29,18,385083.3333333333
2020-01-30,29,396164.7655172414
2020-01-31,65,411523.07692307694
2020-02-01,3,474033.3333333333
2020-02-03,23,376157.52695652173
2020-02-04,12,339200.8333333333
2020-02-06,13,402608.2676923077
2020-02-07,11,379522.63636363635
2020-02-09,9,304999.0155555556
2020-02-10,32,314941.5196875
2020-02-11,9,446683.70444444445
2020-02-12,23,365372.7247826087
2020-02-13,12,370811.1175
2020-02-14,36,398419.03305555554
2020-02-15,1,407000.0
2020-02-17,14,334605.4121428571
2020-02-18,21,368552.38095238095
2020-02-19,23,318047.4026086956
2020-02-20,20,408950.0
2020-02-21,33,416548.1515151515
2020-02-22,1,750000.0
2020-02-24,20,380950.0
2020-02-25,13,377076.92307692306
2020-02-26,18,289944.1877777778
2020-02-27,14,374191.0714285714
2020-02-28,40,411283.637
2020-03-01,3,371666.6666666667
2020-03-02,15,391766.6666666667
2020-03-03,16,379531.25
2020-03-04,25,367387.0
2020-03-06,10,411554.7
2020-03-07,19,360108.94736842107
2020-03-08,1,287000.0
2020-03-09,14,407374.9257142857
2020-03-11,16,385212.279375
2020-03-12,24,352512.0204166667
2020-03-13,25,382220.0
2020-03-16,20,452375.0
2020-03-18,13,367072.6192307692
2020-03-19,22,390218.8077272727
2020-03-20,25,359148.4
2020-03-23,19,316494.8221052632
2020-03-24,23,315389.5739130435
2020-03-25,16,368319.985625
2020-03-26,25,405584.36
2020-03-27,28,387353.0
2020-03-28,1,406104.0
2020-03-29,1,336000.0
2020-03-30,7,373583.7
2020-03-31,13,432663.6746153846
2020-04-02,11,380130.3563636364
2020-04-03,20,430343.6125
2020-04-05,1,375000.0
2020-04-06,9,381111.1111111111
2020-04-08,9,531169.8888888889
2020-04-09,22,381022.7272727273
2020-04-11,14,330617.85714285716
2020-04-12,41,367035.7229268293
2020-04-14,4,426695.5
2020-04-15,7,259444.7142857143
2020-04-16,22,442130.7209090909
2020-04-17,12,407808.7916666667
2020-04-20,7,313551.6042857143
2020-04-21,16,349748.265
2020-04-22,10,332950.0
2020-04-23,18,339131.8333333333
2020-04-24,12,385875.0
2020-04-27,7,336298.6157142857
2020-04-28,6,423500.0
2020-04-29,6,470613.0
2020-04-30,8,388500.0
2020-05-02,13,367672.4561538461
2020-05-03,23,418367.69260869565
2020-05-05,15,331059.73333333334
2020-05-06,21,334458.16000000003
2020-05-08,10,343300.0
2020-05-10,27,335871.9237037037
2020-05-11,25,454920.0
2020-05-13,12,337750.0
2020-05-14,14,299910.71428571426
2020-05-15,14,393027.7607142857
2020-05-16,1,280000.0
2020-05-18,10,334550.0
2020-05-19,10,443350.0
2020-05-20,6,355833.3333333333
2020-05-21,17,317672.8811764706
2020-05-22,21,394566.28571428574
2020-05-23,1,778456.0
2020-05-25,14,323409.8214285714
2020-05-26,13,413710.2676923077
2020-05-27,13,319006.6153846154
2020-05-28,18,371472.22222222225
2020-05-29,29,362310.3448275862
2020-06-01,7,347321.4285714286
2020-06-02,11,416962.9090909091
2020-06-03,26,362426.8076923077
2020-06-04,6,446500.0
2020-06-05,6,291750.0
2020-06-07,10,421750.0
2020-06-08,18,334675.18333333335
2020-06-10,16,366625.0
2020-06-11,41,433370.1219512195
2020-06-15,6,481666.6666666667
2020-06-16,23,425625.11521739134
2020-06-17,13,309846.1538461539
2020-06-18,16,452049.628125
2020-06-19,27,343902.06074074074
2020-06-22,11,393110.8481818182
2020-06-23,12,499708.3333333333
2020-06-24,10,463700.0
2020-06-25,16,366621.53125
2020-06-26,22,422085.3309090909
2020-06-29,28,357159.05821428576
2020-06-30,13,426618.7723076923
2020-07-01,5,356000.0
2020-07-02,42,380725.86166666663
2020-07-04,17,462801.76470588235
2020-07-05,12,360999.0825
2020-07-07,16,378538.195
2020-07-08,13,341093.35461538465
2020-07-09,15,416773.4
2020-07-10,12,451634.1666666667
2020-07-12,23,365173.9130434783
2020-07-13,7,384642.85714285716
2020-07-14,10,440961.4
2020-07-15,2,417000.0
2020-07-16,1,744933.92
2020-07-17,16,401797.75
2020-07-20,10,453900.0
2020-07-21,9,358333.3333333333
2020-07-22,12,356556.35083333333
2020-07-23,17,340821.0764705882
2020-07-24,35,346836.77457142854
2020-07-27,12,359222.135
2020-07-28,22,355483.1977272727
2020-07-29,12,365750.0
2020-07-30,15,409665.0
2020-07-31,31,402679.2580645161
2020-08-01,10,336900.0
2020-08-04,11,341444.2727272727
2020-08-05,23,444539.6473913044
2020-08-06,11,322500.0
2020-08-07,6,443790.56
2020-08-09,6,283333.3333333333
2020-08-10,18,326863.44444444444
2020-08-12,46,359483.02673913044
2020-08-13,12,352094.89666666667
2020-08-14,24,356159.5079166666
2020-08-17,9,402091.55555555556
2020-08-18,13,443306.79692307697
2020-08-19,14,396856.25357142853
2020-08-20,12,424041.6666666667
2020-08-21,14,396419.75999999995
2020-08-22,1,795000.0
2020-08-24,14,399163.14285714284
2020-08-25,9,316611.1111111111
2020-08-26,11,400227.2727272727
2020-08-27,17,412931.9505882353
2020-08-28,24,394049.9354166666
2020-08-31,21,314592.1904761905
2020-09-01,14,443242.76857142855
2020-09-03,13,319834.92307692306
2020-09-04,14,376642.85714285716
2020-09-06,6,366500.0
2020-09-07,21,393133.51238095236
2020-09-09,11,427545.45454545453
2020-09-10,40,424894.53925000003
2020-09-11,35,333672.246
2020-09-12,30,415547.3
2020-09-14,18,397593.5
2020-09-15,25,415491.982
2020-09-16,16,317330.284375
2020-09-17,25,373351.6292
2020-09-18,24,307285.1666666667
2020-09-21,11,460234.63636363635
2020-09-22,7,320176.21142857143
2020-09-23,17,418928.5294117647
2020-09-24,11,373590.9090909091
2020-09-25,34,377493.5538235294
2020-09-28,23,363973.0
2020-09-29,17,368241.4705882353
2020-09-30,20,426806.2
2020-10-01,30,380741.9666666667
2020-10-02,18,341667.24166666664
2020-10-03,39,488870.358974359
2020-10-04,2,342500.0
2020-10-06,25,257981.99120000002
2020-10-07,21,361461.0504761905
2020-10-08,6,398934.5
2020-10-09,9,445888.8888888889
2020-10-11,30,424958.941
2020-10-12,36,392214.545
2020-10-13,17,360741.9017647059
2020-10-14,23,312451.1304347826
2020-10-15,21,404664.77857142856
2020-10-16,45,413499.2742222222
2020-10-17,1,632500.0
2020-10-19,21,379375.0
2020-10-20,19,420709.2105263158
2020-10-21,15,308866.6666666667
2020-10-22,26,388318.4173076923
2020-10-23,39,396664.1282051282
2020-10-24,1,292500.0
2020-10-26,2,507500.0
2020-10-27,14,409425.10571428575
2020-10-28,27,390000.0
2020-10-29,19,421730.35000000003
2020-10-30,81,363654.6603703704
2020-10-31,4,486250.0
2020-11-02,20,328218.4885
2020-11-03,11,457028.6027272727
2020-11-04,1,450000.0
2020-11-05,4,483725.0
2020-11-06,15,426828.8946666667
2020-11-08,7,402638.4285714286
2020-11-09,29,371865.98793103447
2020-11-11,22,446020.4240909091
2020-11-12,49,399167.2269387755
2020-11-13,31,486688.0967741936
2020-11-14,2,312475.0
2020-11-16,18,356729.2572222222
2020-11-17,23,394369.5652173913
2020-11-18,22,343913.63636363635
2020-11-19,19,446671.05263157893
2020-11-20,41,419284.9295121951
2020-11-23,27,415862.07666666666
2020-11-24,22,440737.69681818184
2020-11-25,20,420239.421
2020-11-26,23,341174.95652173914
2020-11-27,34,379829.1176470588
2020-11-30,38,388397.57105263154
2020-12-02,13,399754.49
2020-12-03,26,423923.07692307694
2020-12-05,7,438826.5714285714
2020-12-06,18,356208.3333333333
2020-12-08,9,442060.77777777775
2020-12-10,19,437468.3731578947
2020-12-11,22,492051.13636363635
2020-12-12,1,860000.0
2020-12-14,40,391220.16725
2020-12-15,51,425556.4139215686
2020-12-16,42,429397.759047619
2020-12-17,54,345682.56333333335
2020-12-18,66,414651.22545454546
2020-12-21,82,337373.7195121951
2020-12-22,67,365286.4043283582
2020-12-23,48,345208.01666666666
2020-12-24,1,360000.0
2020-12-30,2,440000.0
